{"is_source_file": false, "format": "", "description": "", "external_files": [], "external_methods": [], "published": [], "classes": [], "methods": [], "calls": [], "search-terms": [], "state": 2, "file_id": 5, "knowledge_revision": 16, "git_revision": "03d667491f312a04663accc93673b5176fa42331", "hash": "d9d975cebe2ec20b6c652e1e4c12ccf0", "format-version": 4, "code-base-name": "frontend_react", "filename": "frontend_react/public/manifest.json", "revision_history": [{"16": "03d667491f312a04663accc93673b5176fa42331"}]}