{"is_source_file": true, "format": "JavaScript (React)", "description": "This file is the main entry point for a React application, responsible for rendering the root component into the DOM.", "external_files": ["./App", "./index.css"], "external_methods": ["ReactDOM.createRoot", "root.render"], "published": [], "classes": [], "methods": [], "calls": ["ReactDOM.createRoot", "root.render"], "search-terms": ["React", "ReactDOM", "createRoot", "render", "index.js", "frontend"], "state": 2, "file_id": 11, "knowledge_revision": 23, "git_revision": "03d667491f312a04663accc93673b5176fa42331", "ctags": [{"_type": "tag", "name": "root", "path": "/home/kavia/workspace/code-generation/priority-task-manager-307260-307269/frontend_react/src/index.js", "pattern": "/^const root = ReactDOM.createRoot(document.getElementById('root'));$/", "language": "JavaScript", "kind": "constant"}], "hash": "9fc5841375336fc175b49f8767a11383", "format-version": 4, "code-base-name": "frontend_react", "filename": "frontend_react/src/index.js", "revision_history": [{"23": "03d667491f312a04663accc93673b5176fa42331"}]}