{"is_source_file": false, "format": "", "description": "", "external_files": [], "external_methods": [], "published": [], "classes": [], "methods": [], "calls": [], "search-terms": [], "state": 2, "file_id": 8, "knowledge_revision": 35, "git_revision": "d14a5e9248f68ecf61e35d8f50e0852e137d1bf8", "revision_history": [{"32": "5e77f373201fec75432777b818cedfc3ef802d90"}, {"35": "d14a5e9248f68ecf61e35d8f50e0852e137d1bf8"}], "hash": "631281077e22ccf7d151cca52cc9224f", "format-version": 4, "code-base-name": "frontend_react", "filename": "frontend_react/src/App.css"}