{"is_source_file": false, "format": "", "description": "", "external_files": [], "external_methods": [], "published": [], "classes": [], "methods": [], "calls": [], "search-terms": [], "state": 2, "file_id": 3, "knowledge_revision": 17, "git_revision": "03d667491f312a04663accc93673b5176fa42331", "hash": "d001d53c059625c4bcf75bf5a7f3fcf0", "format-version": 4, "code-base-name": "frontend_react", "filename": "frontend_react/package.json", "revision_history": [{"17": "03d667491f312a04663accc93673b5176fa42331"}]}