{"is_source_file": true, "format": "JavaScript (React JSX)", "description": "Main React component for a browser-based, locally stored priority task management app. It handles task creation, editing, toggling, deletion, and notes management with persistent local storage and a structured UI with task sections.", "external_files": ["./App.css"], "external_methods": ["window.localStorage.getItem", "window.localStorage.setItem", "JSON.parse", "JSON.stringify", "Date.now"], "published": ["App", "TaskBlock"], "classes": [], "methods": ["safeJsonParse", "makeId", "normalizeTask", "loadTasks", "loadNotes", "addTask", "toggleTask", "requestEdit", "deleteTask", "saveEdit", "clearCompleted", "onEditKeyDown"], "calls": ["setTopTasks", "setOtherTasks", "setNotes", "localStorage.getItem", "localStorage.setItem", "JSON.parse", "JSON.stringify", "useEffect", "useState", "useRef", "useMemo", "setEditing", "setNotes", "deleteTask", "saveEdit", "addTask", "toggleTask", "requestEdit", "clearCompleted", "useMemo", "setTopTasks", "setOtherTasks", "setNotes", "JSON.stringify", "setEditing"], "search-terms": ["localStorage", "task management", "react checklist", "priority tasks", "app component", "task editing modal", "persistent state", "task normalization"], "state": 2, "file_id": 10, "knowledge_revision": 34, "git_revision": "5e77f373201fec75432777b818cedfc3ef802d90", "revision_history": [{"24": "03d667491f312a04663accc93673b5176fa42331"}, {"26": "03d667491f312a04663accc93673b5176fa42331"}, {"29": "a0853f3b5d38020d8315580bb48bdece1eb09724"}, {"33": "5e77f373201fec75432777b818cedfc3ef802d90"}, {"34": "5e77f373201fec75432777b818cedfc3ef802d90"}], "ctags": [{"_type": "tag", "name": "6", "path": "/home/kavia/workspace/code-generation/priority-task-manager-307260-307269/frontend_react/src/App.js", "pattern": "/^              rows={6}$/", "language": "JavaScript", "kind": "field", "scope": "rows", "scopeKind": "class"}, {"_type": "tag", "name": "App", "path": "/home/kavia/workspace/code-generation/priority-task-manager-307260-307269/frontend_react/src/App.js", "pattern": "/^function App() {$/", "language": "JavaScript", "kind": "function", "signature": "()"}, {"_type": "tag", "name": "LIMITS", "path": "/home/kavia/workspace/code-generation/priority-task-manager-307260-307269/frontend_react/src/App.js", "pattern": "/^              limit={LIMITS.other}$/", "language": "JavaScript", "kind": "field", "scope": "limit", "scopeKind": "class"}, {"_type": "tag", "name": "LIMITS", "path": "/home/kavia/workspace/code-generation/priority-task-manager-307260-307269/frontend_react/src/App.js", "pattern": "/^              limit={LIMITS.top}$/", "language": "JavaScript", "kind": "field", "scope": "limit", "scopeKind": "class"}, {"_type": "tag", "name": "LIMITS", "path": "/home/kavia/workspace/code-generation/priority-task-manager-307260-307269/frontend_react/src/App.js", "pattern": "/^const LIMITS = {$/", "language": "JavaScript", "kind": "class"}, {"_type": "tag", "name": "STORAGE_KEYS", "path": "/home/kavia/workspace/code-generation/priority-task-manager-307260-307269/frontend_react/src/App.js", "pattern": "/^const STORAGE_KEYS = {$/", "language": "JavaScript", "kind": "class"}, {"_type": "tag", "name": "TaskBlock", "path": "/home/kavia/workspace/code-generation/priority-task-manager-307260-307269/frontend_react/src/App.js", "pattern": "/^function TaskBlock({ title, section, tasks, limit, atCapacity, onAdd, onToggle, onEdit, onDelete/", "language": "JavaScript", "kind": "function", "signature": "({ title, section, tasks, limit, atCapacity, onAdd, onToggle, onEdit, onDelete })"}, {"_type": "tag", "name": "addTask", "path": "/home/kavia/workspace/code-generation/priority-task-manager-307260-307269/frontend_react/src/App.js", "pattern": "/^  function addTask(section) {$/", "language": "JavaScript", "kind": "function", "signature": "(section)", "scope": "App", "scopeKind": "function"}, {"_type": "tag", "name": "clearCompleted", "path": "/home/kavia/workspace/code-generation/priority-task-manager-307260-307269/frontend_react/src/App.js", "pattern": "/^  function clearCompleted() {$/", "language": "JavaScript", "kind": "function", "signature": "()", "scope": "App", "scopeKind": "function"}, {"_type": "tag", "name": "deleteTask", "path": "/home/kavia/workspace/code-generation/priority-task-manager-307260-307269/frontend_react/src/App.js", "pattern": "/^  function deleteTask(section, id) {$/", "language": "JavaScript", "kind": "function", "signature": "(section, id)", "scope": "App", "scopeKind": "function"}, {"_type": "tag", "name": "done", "path": "/home/kavia/workspace/code-generation/priority-task-manager-307260-307269/frontend_react/src/App.js", "pattern": "/^    const newTask = { id: makeId(), text: \"\", done: false };$/", "language": "JavaScript", "kind": "property", "scope": "App.addTask.newTask", "scopeKind": "class"}, {"_type": "tag", "name": "id", "path": "/home/kavia/workspace/code-generation/priority-task-manager-307260-307269/frontend_react/src/App.js", "pattern": "/^    const newTask = { id: makeId(), text: \"\", done: false };$/", "language": "JavaScript", "kind": "property", "scope": "App.addTask.newTask", "scopeKind": "class"}, {"_type": "tag", "name": "loadNotes", "path": "/home/kavia/workspace/code-generation/priority-task-manager-307260-307269/frontend_react/src/App.js", "pattern": "/^function loadNotes() {$/", "language": "JavaScript", "kind": "function", "signature": "()"}, {"_type": "tag", "name": "loadTasks", "path": "/home/kavia/workspace/code-generation/priority-task-manager-307260-307269/frontend_react/src/App.js", "pattern": "/^function loadTasks(key) {$/", "language": "JavaScript", "kind": "function", "signature": "(key)"}, {"_type": "tag", "name": "makeId", "path": "/home/kavia/workspace/code-generation/priority-task-manager-307260-307269/frontend_react/src/App.js", "pattern": "/^function makeId() {$/", "language": "JavaScript", "kind": "function", "signature": "()"}, {"_type": "tag", "name": "newTask", "path": "/home/kavia/workspace/code-generation/priority-task-manager-307260-307269/frontend_react/src/App.js", "pattern": "/^    const newTask = { id: makeId(), text: \"\", done: false };$/", "language": "JavaScript", "kind": "class", "scope": "App.addTask", "scopeKind": "class"}, {"_type": "tag", "name": "normalizeTask", "path": "/home/kavia/workspace/code-generation/priority-task-manager-307260-307269/frontend_react/src/App.js", "pattern": "/^function normalizeTask(maybeTask) {$/", "language": "JavaScript", "kind": "function", "signature": "(maybeTask)"}, {"_type": "tag", "name": "notes", "path": "/home/kavia/workspace/code-generation/priority-task-manager-307260-307269/frontend_react/src/App.js", "pattern": "/^              value={notes}$/", "language": "JavaScript", "kind": "field", "scope": "value", "scopeKind": "class"}, {"_type": "tag", "name": "notes", "path": "/home/kavia/workspace/code-generation/priority-task-manager-307260-307269/frontend_react/src/App.js", "pattern": "/^  notes: \"ptm.notes\",$/", "language": "JavaScript", "kind": "property", "scope": "STORAGE_KEYS", "scopeKind": "class"}, {"_type": "tag", "name": "onEditKeyDown", "path": "/home/kavia/workspace/code-generation/priority-task-manager-307260-307269/frontend_react/src/App.js", "pattern": "/^  function onEditKeyDown(e) {$/", "language": "JavaScript", "kind": "function", "signature": "(e)", "scope": "App", "scopeKind": "function"}, {"_type": "tag", "name": "other", "path": "/home/kavia/workspace/code-generation/priority-task-manager-307260-307269/frontend_react/src/App.js", "pattern": "/^  other: 10,$/", "language": "JavaScript", "kind": "property", "scope": "LIMITS", "scopeKind": "class"}, {"_type": "tag", "name": "other", "path": "/home/kavia/workspace/code-generation/priority-task-manager-307260-307269/frontend_react/src/App.js", "pattern": "/^  other: \"ptm.tasks.other\",$/", "language": "JavaScript", "kind": "property", "scope": "STORAGE_KEYS", "scopeKind": "class"}, {"_type": "tag", "name": "otherAtCapacity", "path": "/home/kavia/workspace/code-generation/priority-task-manager-307260-307269/frontend_react/src/App.js", "pattern": "/^              atCapacity={otherAtCapacity}$/", "language": "JavaScript", "kind": "field", "scope": "atCapacity", "scopeKind": "class"}, {"_type": "tag", "name": "otherTasks", "path": "/home/kavia/workspace/code-generation/priority-task-manager-307260-307269/frontend_react/src/App.js", "pattern": "/^              tasks={otherTasks}$/", "language": "JavaScript", "kind": "field", "scope": "tasks", "scopeKind": "class"}, {"_type": "tag", "name": "requestEdit", "path": "/home/kavia/workspace/code-generation/priority-task-manager-307260-307269/frontend_react/src/App.js", "pattern": "/^  function requestEdit(section, task) {$/", "language": "JavaScript", "kind": "function", "signature": "(section, task)", "scope": "App", "scopeKind": "function"}, {"_type": "tag", "name": "safeJsonParse", "path": "/home/kavia/workspace/code-generation/priority-task-manager-307260-307269/frontend_react/src/App.js", "pattern": "/^function safeJsonParse(value, fallback) {$/", "language": "JavaScript", "kind": "function", "signature": "(value, fallback)"}, {"_type": "tag", "name": "saveEdit", "path": "/home/kavia/workspace/code-generation/priority-task-manager-307260-307269/frontend_react/src/App.js", "pattern": "/^  function saveEdit() {$/", "language": "JavaScript", "kind": "function", "signature": "()", "scope": "App", "scopeKind": "function"}, {"_type": "tag", "name": "text", "path": "/home/kavia/workspace/code-generation/priority-task-manager-307260-307269/frontend_react/src/App.js", "pattern": "/^    const newTask = { id: makeId(), text: \"\", done: false };$/", "language": "JavaScript", "kind": "property", "scope": "App.addTask.newTask", "scopeKind": "class"}, {"_type": "tag", "name": "toggleTask", "path": "/home/kavia/workspace/code-generation/priority-task-manager-307260-307269/frontend_react/src/App.js", "pattern": "/^  function toggleTask(section, id) {$/", "language": "JavaScript", "kind": "function", "signature": "(section, id)", "scope": "App", "scopeKind": "function"}, {"_type": "tag", "name": "top", "path": "/home/kavia/workspace/code-generation/priority-task-manager-307260-307269/frontend_react/src/App.js", "pattern": "/^  top: 3,$/", "language": "JavaScript", "kind": "property", "scope": "LIMITS", "scopeKind": "class"}, {"_type": "tag", "name": "top", "path": "/home/kavia/workspace/code-generation/priority-task-manager-307260-307269/frontend_react/src/App.js", "pattern": "/^  top: \"ptm.tasks.top\",$/", "language": "JavaScript", "kind": "property", "scope": "STORAGE_KEYS", "scopeKind": "class"}, {"_type": "tag", "name": "topAtCapacity", "path": "/home/kavia/workspace/code-generation/priority-task-manager-307260-307269/frontend_react/src/App.js", "pattern": "/^              atCapacity={topAtCapacity}$/", "language": "JavaScript", "kind": "field", "scope": "atCapacity", "scopeKind": "class"}, {"_type": "tag", "name": "topTasks", "path": "/home/kavia/workspace/code-generation/priority-task-manager-307260-307269/frontend_react/src/App.js", "pattern": "/^              tasks={topTasks}$/", "language": "JavaScript", "kind": "field", "scope": "tasks", "scopeKind": "class"}], "hash": "9b62acc467ff3625bd24d6e382617675", "format-version": 4, "code-base-name": "frontend_react", "filename": "frontend_react/src/App.js", "fields": [{"name": "rows={6}", "scope": "rows", "scopeKind": "class", "description": "unavailable"}]}