{"is_source_file": false, "format": "", "description": "", "external_files": [], "external_methods": [], "published": [], "classes": [], "methods": [], "calls": [], "search-terms": [], "state": 2, "file_id": 8, "knowledge_revision": 27, "git_revision": "03d667491f312a04663accc93673b5176fa42331", "hash": "c5be84b9d3ef0881075959517a54ae54", "format-version": 4, "code-base-name": "frontend_react", "filename": "frontend_react/src/App.css", "revision_history": [{"27": "03d667491f312a04663accc93673b5176fa42331"}]}