{"is_source_file": true, "format": "JavaScript (ES Module, .mjs)", "description": "ESLint configuration file for a React project, defining linting rules, plugins, and parser options.", "external_files": ["@eslint/js", "eslint-plugin-react"], "external_methods": ["pluginJs", "pluginReact"], "published": [], "classes": [], "methods": [], "calls": ["pluginJs", "pluginReact", "pluginJs.configs.recommended"], "search-terms": ["eslint", "eslint-config", "react", "pluginReact", "parserOptions", "rules", "jsx", "configuration"], "state": 2, "file_id": 4, "knowledge_revision": 19, "git_revision": "03d667491f312a04663accc93673b5176fa42331", "hash": "be6538e7523bc2e9da0743133d784136", "format-version": 4, "code-base-name": "frontend_react", "filename": "frontend_react/eslint.config.mjs", "revision_history": [{"19": "03d667491f312a04663accc93673b5176fa42331"}]}