{"is_source_file": false, "format": "", "description": "", "external_files": [], "external_methods": [], "published": [], "classes": [], "methods": [], "calls": [], "search-terms": [], "state": 2, "file_id": 9, "knowledge_revision": 31, "git_revision": "03d667491f312a04663accc93673b5176fa42331", "hash": "f47d4ed504d01eab492cd8462b16f30e", "format-version": 4, "code-base-name": "frontend_react", "filename": "frontend_react/src/index.css", "revision_history": [{"31": "03d667491f312a04663accc93673b5176fa42331"}]}