{"is_source_file": true, "format": "JavaScript (React JSX)", "description": "This file is the main React component for a priority task manager app. It handles tasks and notes, their persistence in local storage, and provides UI logic for task management including adding, editing, toggling, deleting, and filtering tasks, as well as rendering task blocks and an editing modal.", "external_files": ["./App.css"], "external_methods": ["window.localStorage.getItem", "window.localStorage.setItem"], "published": ["App"], "classes": [], "methods": [{"name": "safeJsonParse(value, fallback)", "description": "Parses a JSON string safely, returning a fallback value if parsing fails.", "scope": "", "scopeKind": ""}, {"name": "makeId()", "description": "Generates a simple, stable-enough unique ID based on timestamp and randomness.", "scope": "", "scopeKind": ""}, {"name": "normalizeTask(maybeTask)", "description": "Normalizes a task object ensuring it has id, text, and done properties.", "scope": "", "scopeKind": ""}, {"name": "loadTasks(key)", "description": "Loads tasks from local storage given a key, returning a filtered array of task objects.", "scope": "", "scopeKind": ""}, {"name": "loadNotes()", "description": "Loads notes string from local storage.", "scope": "", "scopeKind": ""}, {"name": "App()", "description": "Main React component for the checklist app managing state and UI.", "scope": "", "scopeKind": ""}, {"name": "TaskBlock({ title, section, tasks, limit, atCapacity, onAdd, onToggle, onEdit, onDelete })", "description": "Component rendering a fixed list of tasks with add/edit/delete capabilities.", "scope": "", "scopeKind": ""}, {"name": "addTask(section)", "scope": "App", "scopeKind": "function", "description": "unavailable"}, {"name": "clearCompleted()", "scope": "App", "scopeKind": "function", "description": "unavailable"}, {"name": "deleteTask(section, id)", "scope": "App", "scopeKind": "function", "description": "unavailable"}, {"name": "onEditKeyDown(e)", "scope": "App", "scopeKind": "function", "description": "unavailable"}, {"name": "requestEdit(section, task)", "scope": "App", "scopeKind": "function", "description": "unavailable"}, {"name": "saveEdit()", "scope": "App", "scopeKind": "function", "description": "unavailable"}, {"name": "toggleTask(section, id)", "scope": "App", "scopeKind": "function", "description": "unavailable"}], "calls": ["useEffect", "useMemo", "useRef", "useState", "window.localStorage.getItem", "window.localStorage.setItem", "JSON.parse", "JSON.stringify"], "search-terms": ["priority-task-manager", "localStorage keys", "TaskBlock component", "edit modal", "task normalization", "status toggle", "task limits"], "state": 2, "file_id": 10, "knowledge_revision": 29, "git_revision": "a0853f3b5d38020d8315580bb48bdece1eb09724", "revision_history": [{"24": "03d667491f312a04663accc93673b5176fa42331"}, {"26": "03d667491f312a04663accc93673b5176fa42331"}, {"29": "a0853f3b5d38020d8315580bb48bdece1eb09724"}], "ctags": [{"_type": "tag", "name": "6", "path": "/home/kavia/workspace/code-generation/priority-task-manager-307260-307269/frontend_react/src/App.js", "pattern": "/^              rows={6}$/", "language": "JavaScript", "kind": "field", "scope": "App.rows", "scopeKind": "class"}, {"_type": "tag", "name": "App", "path": "/home/kavia/workspace/code-generation/priority-task-manager-307260-307269/frontend_react/src/App.js", "pattern": "/^function App() {$/", "language": "JavaScript", "kind": "function", "signature": "()"}, {"_type": "tag", "name": "LIMITS", "path": "/home/kavia/workspace/code-generation/priority-task-manager-307260-307269/frontend_react/src/App.js", "pattern": "/^              limit={LIMITS.other}$/", "language": "JavaScript", "kind": "field", "scope": "App.limit", "scopeKind": "class"}, {"_type": "tag", "name": "LIMITS", "path": "/home/kavia/workspace/code-generation/priority-task-manager-307260-307269/frontend_react/src/App.js", "pattern": "/^              limit={LIMITS.top}$/", "language": "JavaScript", "kind": "field", "scope": "App.limit", "scopeKind": "class"}, {"_type": "tag", "name": "LIMITS", "path": "/home/kavia/workspace/code-generation/priority-task-manager-307260-307269/frontend_react/src/App.js", "pattern": "/^const LIMITS = {$/", "language": "JavaScript", "kind": "class"}, {"_type": "tag", "name": "STORAGE_KEYS", "path": "/home/kavia/workspace/code-generation/priority-task-manager-307260-307269/frontend_react/src/App.js", "pattern": "/^const STORAGE_KEYS = {$/", "language": "JavaScript", "kind": "class"}, {"_type": "tag", "name": "TaskBlock", "path": "/home/kavia/workspace/code-generation/priority-task-manager-307260-307269/frontend_react/src/App.js", "pattern": "/^function TaskBlock({ title, section, tasks, limit, atCapacity, onAdd, onToggle, onEdit, onDelete/", "language": "JavaScript", "kind": "function", "signature": "({ title, section, tasks, limit, atCapacity, onAdd, onToggle, onEdit, onDelete })"}, {"_type": "tag", "name": "addTask", "path": "/home/kavia/workspace/code-generation/priority-task-manager-307260-307269/frontend_react/src/App.js", "pattern": "/^  function addTask(section) {$/", "language": "JavaScript", "kind": "function", "signature": "(section)", "scope": "App", "scopeKind": "function"}, {"_type": "tag", "name": "clearCompleted", "path": "/home/kavia/workspace/code-generation/priority-task-manager-307260-307269/frontend_react/src/App.js", "pattern": "/^  function clearCompleted() {$/", "language": "JavaScript", "kind": "function", "signature": "()", "scope": "App", "scopeKind": "function"}, {"_type": "tag", "name": "deleteTask", "path": "/home/kavia/workspace/code-generation/priority-task-manager-307260-307269/frontend_react/src/App.js", "pattern": "/^  function deleteTask(section, id) {$/", "language": "JavaScript", "kind": "function", "signature": "(section, id)", "scope": "App", "scopeKind": "function"}, {"_type": "tag", "name": "done", "path": "/home/kavia/workspace/code-generation/priority-task-manager-307260-307269/frontend_react/src/App.js", "pattern": "/^    const newTask = { id: makeId(), text: \"\", done: false };$/", "language": "JavaScript", "kind": "property", "scope": "App.addTask.newTask", "scopeKind": "class"}, {"_type": "tag", "name": "id", "path": "/home/kavia/workspace/code-generation/priority-task-manager-307260-307269/frontend_react/src/App.js", "pattern": "/^    const newTask = { id: makeId(), text: \"\", done: false };$/", "language": "JavaScript", "kind": "property", "scope": "App.addTask.newTask", "scopeKind": "class"}, {"_type": "tag", "name": "loadNotes", "path": "/home/kavia/workspace/code-generation/priority-task-manager-307260-307269/frontend_react/src/App.js", "pattern": "/^function loadNotes() {$/", "language": "JavaScript", "kind": "function", "signature": "()"}, {"_type": "tag", "name": "loadTasks", "path": "/home/kavia/workspace/code-generation/priority-task-manager-307260-307269/frontend_react/src/App.js", "pattern": "/^function loadTasks(key) {$/", "language": "JavaScript", "kind": "function", "signature": "(key)"}, {"_type": "tag", "name": "makeId", "path": "/home/kavia/workspace/code-generation/priority-task-manager-307260-307269/frontend_react/src/App.js", "pattern": "/^function makeId() {$/", "language": "JavaScript", "kind": "function", "signature": "()"}, {"_type": "tag", "name": "newTask", "path": "/home/kavia/workspace/code-generation/priority-task-manager-307260-307269/frontend_react/src/App.js", "pattern": "/^    const newTask = { id: makeId(), text: \"\", done: false };$/", "language": "JavaScript", "kind": "class", "scope": "App.addTask", "scopeKind": "class"}, {"_type": "tag", "name": "normalizeTask", "path": "/home/kavia/workspace/code-generation/priority-task-manager-307260-307269/frontend_react/src/App.js", "pattern": "/^function normalizeTask(maybeTask) {$/", "language": "JavaScript", "kind": "function", "signature": "(maybeTask)"}, {"_type": "tag", "name": "notes", "path": "/home/kavia/workspace/code-generation/priority-task-manager-307260-307269/frontend_react/src/App.js", "pattern": "/^              value={notes}$/", "language": "JavaScript", "kind": "field", "scope": "App.value", "scopeKind": "class"}, {"_type": "tag", "name": "notes", "path": "/home/kavia/workspace/code-generation/priority-task-manager-307260-307269/frontend_react/src/App.js", "pattern": "/^  notes: \"ptm.notes\",$/", "language": "JavaScript", "kind": "property", "scope": "STORAGE_KEYS", "scopeKind": "class"}, {"_type": "tag", "name": "onEditKeyDown", "path": "/home/kavia/workspace/code-generation/priority-task-manager-307260-307269/frontend_react/src/App.js", "pattern": "/^  function onEditKeyDown(e) {$/", "language": "JavaScript", "kind": "function", "signature": "(e)", "scope": "App", "scopeKind": "function"}, {"_type": "tag", "name": "other", "path": "/home/kavia/workspace/code-generation/priority-task-manager-307260-307269/frontend_react/src/App.js", "pattern": "/^  other: 10,$/", "language": "JavaScript", "kind": "property", "scope": "LIMITS", "scopeKind": "class"}, {"_type": "tag", "name": "other", "path": "/home/kavia/workspace/code-generation/priority-task-manager-307260-307269/frontend_react/src/App.js", "pattern": "/^  other: \"ptm.tasks.other\",$/", "language": "JavaScript", "kind": "property", "scope": "STORAGE_KEYS", "scopeKind": "class"}, {"_type": "tag", "name": "otherAtCapacity", "path": "/home/kavia/workspace/code-generation/priority-task-manager-307260-307269/frontend_react/src/App.js", "pattern": "/^              atCapacity={otherAtCapacity}$/", "language": "JavaScript", "kind": "field", "scope": "App.atCapacity", "scopeKind": "class"}, {"_type": "tag", "name": "otherTasks", "path": "/home/kavia/workspace/code-generation/priority-task-manager-307260-307269/frontend_react/src/App.js", "pattern": "/^              tasks={otherTasks}$/", "language": "JavaScript", "kind": "field", "scope": "App.tasks", "scopeKind": "class"}, {"_type": "tag", "name": "requestEdit", "path": "/home/kavia/workspace/code-generation/priority-task-manager-307260-307269/frontend_react/src/App.js", "pattern": "/^  function requestEdit(section, task) {$/", "language": "JavaScript", "kind": "function", "signature": "(section, task)", "scope": "App", "scopeKind": "function"}, {"_type": "tag", "name": "safeJsonParse", "path": "/home/kavia/workspace/code-generation/priority-task-manager-307260-307269/frontend_react/src/App.js", "pattern": "/^function safeJsonParse(value, fallback) {$/", "language": "JavaScript", "kind": "function", "signature": "(value, fallback)"}, {"_type": "tag", "name": "saveEdit", "path": "/home/kavia/workspace/code-generation/priority-task-manager-307260-307269/frontend_react/src/App.js", "pattern": "/^  function saveEdit() {$/", "language": "JavaScript", "kind": "function", "signature": "()", "scope": "App", "scopeKind": "function"}, {"_type": "tag", "name": "text", "path": "/home/kavia/workspace/code-generation/priority-task-manager-307260-307269/frontend_react/src/App.js", "pattern": "/^    const newTask = { id: makeId(), text: \"\", done: false };$/", "language": "JavaScript", "kind": "property", "scope": "App.addTask.newTask", "scopeKind": "class"}, {"_type": "tag", "name": "toggleTask", "path": "/home/kavia/workspace/code-generation/priority-task-manager-307260-307269/frontend_react/src/App.js", "pattern": "/^  function toggleTask(section, id) {$/", "language": "JavaScript", "kind": "function", "signature": "(section, id)", "scope": "App", "scopeKind": "function"}, {"_type": "tag", "name": "top", "path": "/home/kavia/workspace/code-generation/priority-task-manager-307260-307269/frontend_react/src/App.js", "pattern": "/^  top: 3,$/", "language": "JavaScript", "kind": "property", "scope": "LIMITS", "scopeKind": "class"}, {"_type": "tag", "name": "top", "path": "/home/kavia/workspace/code-generation/priority-task-manager-307260-307269/frontend_react/src/App.js", "pattern": "/^  top: \"ptm.tasks.top\",$/", "language": "JavaScript", "kind": "property", "scope": "STORAGE_KEYS", "scopeKind": "class"}, {"_type": "tag", "name": "topAtCapacity", "path": "/home/kavia/workspace/code-generation/priority-task-manager-307260-307269/frontend_react/src/App.js", "pattern": "/^              atCapacity={topAtCapacity}$/", "language": "JavaScript", "kind": "field", "scope": "App.atCapacity", "scopeKind": "class"}, {"_type": "tag", "name": "topTasks", "path": "/home/kavia/workspace/code-generation/priority-task-manager-307260-307269/frontend_react/src/App.js", "pattern": "/^              tasks={topTasks}$/", "language": "JavaScript", "kind": "field", "scope": "App.tasks", "scopeKind": "class"}], "hash": "a2bdcf4da1556a18a106743280bf7b38", "format-version": 4, "code-base-name": "frontend_react", "filename": "frontend_react/src/App.js", "fields": [{"name": "rows={6}", "scope": "App.rows", "scopeKind": "class", "description": "unavailable"}, {"name": "limit={LIMITS.other}", "scope": "App.limit", "scopeKind": "class", "description": "unavailable"}, {"name": "limit={LIMITS.top}", "scope": "App.limit", "scopeKind": "class", "description": "unavailable"}, {"name": "const newTask = { id: makeId(), text: \"\", done: false };", "scope": "App.addTask.newTask", "scopeKind": "class", "description": "unavailable"}, {"name": "value={notes}", "scope": "App.value", "scopeKind": "class", "description": "unavailable"}, {"name": "notes: \"ptm.notes\",", "scope": "STORAGE_KEYS", "scopeKind": "class", "description": "unavailable"}, {"name": "other: 10,", "scope": "LIMITS", "scopeKind": "class", "description": "unavailable"}, {"name": "other: \"ptm.tasks.other\",", "scope": "STORAGE_KEYS", "scopeKind": "class", "description": "unavailable"}, {"name": "atCapacity={otherAtCapacity}", "scope": "App.atCapacity", "scopeKind": "class", "description": "unavailable"}, {"name": "tasks={otherTasks}", "scope": "App.tasks", "scopeKind": "class", "description": "unavailable"}, {"name": "top: 3,", "scope": "LIMITS", "scopeKind": "class", "description": "unavailable"}, {"name": "top: \"ptm.tasks.top\",", "scope": "STORAGE_KEYS", "scopeKind": "class", "description": "unavailable"}, {"name": "atCapacity={topAtCapacity}", "scope": "App.atCapacity", "scopeKind": "class", "description": "unavailable"}, {"name": "tasks={topTasks}", "scope": "App.tasks", "scopeKind": "class", "description": "unavailable"}]}