{"is_source_file": false, "format": "", "description": "", "external_files": [], "external_methods": [], "published": [], "classes": [], "methods": [], "calls": [], "search-terms": [], "state": 2, "file_id": 8, "knowledge_revision": 30, "git_revision": "a0853f3b5d38020d8315580bb48bdece1eb09724", "hash": "73b3136407afa6431686bc2b7872aef3", "format-version": 4, "code-base-name": "frontend_react", "filename": "frontend_react/src/App.css", "revision_history": [{"30": "a0853f3b5d38020d8315580bb48bdece1eb09724"}]}