{"is_source_file": true, "format": "JavaScript", "description": "This is a setup file for tests in a React project using Jest. It configures custom matchers with jest-dom for testing DOM nodes.", "external_files": ["@testing-library/jest-dom"], "external_methods": [], "published": [], "classes": [], "methods": [], "calls": ["expect(element).toHaveTextContent(/react/i)"], "search-terms": ["setupTests.js", "jest-dom", "React testing", "Jest configuration"], "state": 2, "file_id": 12, "knowledge_revision": 25, "git_revision": "03d667491f312a04663accc93673b5176fa42331", "ctags": [], "hash": "1a77571e1a8cf36018a41bcedf60db75", "format-version": 4, "code-base-name": "frontend_react", "filename": "frontend_react/src/setupTests.js", "revision_history": [{"25": "03d667491f312a04663accc93673b5176fa42331"}]}