{"is_source_file": true, "format": "CSS", "description": "This file contains CSS styles for styling a React application's user interface. It defines the visual appearance of components such as the app container, PDF-like checklist sheet, header, table rows, buttons, notes section, modal dialogs, and responsive layout adjustments.", "external_files": [], "external_methods": [], "published": [], "classes": [], "methods": [], "calls": [], "search-terms": ["App.css", "CSS styles for React checklist UI", "PDF-like checklist theme", "responsive CSS", "modal styling", "button styles"], "state": 3, "file_id": 8, "knowledge_revision": 32, "git_revision": "5e77f373201fec75432777b818cedfc3ef802d90", "hash": "4085f3b598d063209553a2194e1b524a", "format-version": 4, "code-base-name": "frontend_react", "filename": "frontend_react/src/App.css", "revision_history": [{"32": "5e77f373201fec75432777b818cedfc3ef802d90"}, {"35": "d14a5e9248f68ecf61e35d8f50e0852e137d1bf8"}]}