{"is_source_file": false, "format": "", "description": "", "external_files": [], "external_methods": [], "published": [], "classes": [], "methods": [], "calls": [], "search-terms": [], "state": 2, "file_id": 2, "knowledge_revision": 14, "git_revision": "03d667491f312a04663accc93673b5176fa42331", "hash": "ebece526bc2eadd78ddd787a76c56607", "format-version": 4, "code-base-name": "frontend_react", "filename": "frontend_react/README.md", "revision_history": [{"14": "03d667491f312a04663accc93673b5176fa42331"}]}